-- 유형 대분류 데이터
INSERT INTO maincategory (maincategory_id, category_name) VALUES
(1, '건담프라모델'),
(2, '레고'),
(3, '신발'),
(-999, '기타');

-- 유형 소분류 데이터
INSERT INTO subcategory (subcategory_id, maincategory_id, category_name) VALUES
(1, 1, 'PG'),
(2, 1, 'RG'),
(3, 1, 'MG'),
(4, 1, 'HG'),
(5, 1, 'SD'),
(6, 1, 'EG'),
(7, 1, '1/60'),
(8, 1, '1/100'),
(9, 1, '1/144'),
(10, 1, 'RE/100'),
(11, 1, 'B-CLUB'),
(12, 1, 'EX 모델'),
(13, 1, 'SD 건담 BB 전사'),
(14, 1, 'SD 건담 EX 스탠다드'),
(15, 1, 'SD 건담 크로스 실루엣'),
(16, 1, '풀 메카닉스'),
(17, 2, '아키텍처'),
(18, 2, '배트맨'),
(19, 2, '보태니컬 컬렉션'),
(20, 2, '브릭헤즈'),
(21, 2, '시티'),
(22, 2, '클래식'),
(23, 2, '크리에이터 3in1'),
(24, 2, '크리에이터 엑스퍼트'),
(25, 2, 'DC'),
(26, 2, '슈퍼 배드 4'),
(27, 2, '디즈니'),
(28, 2, '도트'),
(29, 2, '듀플로'),
(30, 2, '프렌즈'),
(31, 2, '해리포터'),
(32, 2, '아이디어'),
(33, 2, '쥬라기월드'),
(34, 2, '레고 동물의 숲'),
(35, 2, '레고 아트'),
(36, 2, '레고 아바타'),
(37, 2, '레고 Braile Bricks'),
(38, 2, '레고 드림즈'),
(39, 2, '레고 듀플로 페파 피그'),
(40, 2, '레고 에듀케이션'),
(41, 2, '레고 Fortnite'),
(42, 2, '레고 개비의 매직 하우스'),
(43, 2, '레고 Icons'),
(44, 2, '레고 인디애나 존스'),
(45, 2, '레고 슈퍼 마리오'),
(46, 2, '레고 젤다의 전설'),
(47, 2, '레고 웬즈데이'),
(48, 2, '레고 위키드'),
(49, 2, 'Lord of the Rings'),
(50, 2, '마블'),
(51, 2, '마인크래프트'),
(52, 2, '미니 피겨'),
(53, 2, '몽키 키드'),
(54, 2, '닌자고'),
(55, 2, '오버워치'),
(56, 2, '파워드업'),
(57, 2, '파워퍼프걸'),
(58, 2, '소닉 더 헤지혹'),
(59, 2, '스피드 챔피언'),
(60, 2, '스파이더맨'),
(61, 2, '스타워즈'),
(62, 2, '테크닉'),
(63, 2, 'Agents'),
(64, 2, '캐슬'),
(65, 2, 'Orient Expedition'),
(66, 2, 'Pharaohs Quest'),
(67, 2, '마인드스톰'),
(68, 2, '믹셀'),
(69, 2, '엘프'),
(70, 2, '킹덤'),
(71, 2, '히든사이드'),
(72, 2, '바이오니클'),
(73, 2, '부스트'),
(74, 2, '엑소 포스'),
(75, 2, '히어로 팩토리'),
(76, 2, '키마의 전설'),
(77, 2, '넥소 나이츠'),
(78, 3, '나이키'),
(79, 3, '뉴발란스'),
(80, 3, '컨버스'),
(81, 3, '아디다스'),
(82, 3, '팀버랜드'),
(83, 3, '디스커버리'),
(84, 3, '아식스'),
(85, 3, '휠라'),
(86, 3, '구찌'),
(87, 3, '리복'),
(88, 3, '반스'),
(89, 3, '프로스펙스'),
(90, 3, 'RAF SIMONS'),
(91, 3, '살로몬'),
(92, 3, '써코니'),
(93, 3, '내셔널지오그래픽'),
(94, 3, '발렌시아가'),
(95, 3, '루이비통'),
(96, 3, 'SACAI'),
(97, 3, '아크네'),
(98, 3, 'A.P.C.'),
(99, 3, '미즈노'),
(100, 3, 'HOKA ONEONE'),
(101, 3, '발렌티노'),
(102, 3, '알렉산더 맥퀸'),
(103, 3, 'MASION MAGIELA'),
(104, 3, 'MLB'),
(105, 3, '베트멍'),
(106, 3, '퓨마'),
(107, 1, '프리미엄 반다이'),
(108, 1, '하이 레졸루션 모델'),
(-999, -999, '기타');

-- 회원 데이터
INSERT INTO user (user_id, email, nickname, password, start_date, admin) VALUES
(1, 'admin@moum.com', '관리자', '$2a$10$12h5rg1z0Nkxy7qUx2tc4O3O27ko3nZUGbZ4owdAkTCv37xatN4CC', '2024-11-10 14:22:16', 1),
(2, 'beggar@moum.com', 'beggar', '$2a$10$PeLoELFuasj6CptIePDM1.ronel7U5QRv532tHxDmXw.0.3TA6k9O', '2024-11-11 16:23:44', 0);



-- 상태 데이터
INSERT INTO collection_status (status_id, status_name) VALUES
(1, '미개봉' ),
(2, '사용감 없음'),
(3, '사용감 있음');


-- 신고 카테고리 데이터
INSERT INTO report_category (report_category_id, category_name) VALUES
(1, '스팸'),
(2, '부적절한 콘텐츠'),
(3, '저작권 침해'),
(4, '혐오 발언');

-- 신고 처리 유형 데이터
INSERT INTO report_result_category (report_result_id, result_name) VALUES
(1, '경고'),
(2, '게시물 삭제'),
(3, '계정 정지'),
(4, '신고 기각');


-- 금지어 유형 데이터
INSERT INTO forbidden_word (word) VALUES
('시바'),
('병신'),
('버러지'),
('운지');
